{"cameraMode":{"drawMode":0,"name":"Shaded","section":"Shading Mode"},"sceneLighting":true,"audioPlay":false,"sceneViewState":{"showFog":false,"showMaterialUpdate":false,"showSkybox":false,"showFlares":false,"showImageEffects":false,"showParticleSystems":false},"in2DMode":false,"pivot":{"x":2.175908088684082,"y":0.7144784927368164,"z":2.2119064331054689},"rotation":{"x":0.3323078751564026,"y":-0.5050419569015503,"z":0.21914680302143098,"w":0.7658356428146362},"size":16.82337188720703,"orthographic":false}