{"cameraMode":{"drawMode":0,"name":"Shaded","section":"Shading Mode"},"sceneLighting":true,"audioPlay":false,"sceneViewState":{"showFog":false,"showMaterialUpdate":false,"showSkybox":false,"showFlares":false,"showImageEffects":false,"showParticleSystems":false},"in2DMode":false,"pivot":{"x":-0.1131141409277916,"y":3.1175718307495119,"z":3.393310070037842},"rotation":{"x":0.3323078751564026,"y":-0.5050419569015503,"z":0.21914680302143098,"w":0.7658356428146362},"size":7.289596080780029,"orthographic":false}