{"cameraMode":{"drawMode":0,"name":"Shaded","section":"Shading Mode"},"sceneLighting":true,"audioPlay":false,"sceneViewState":{"showFog":false,"showMaterialUpdate":false,"showSkybox":false,"showFlares":false,"showImageEffects":false,"showParticleSystems":false},"in2DMode":false,"pivot":{"x":1.5153292417526246,"y":2.405606746673584,"z":4.276338577270508},"rotation":{"x":0.3323078751564026,"y":-0.5050419569015503,"z":0.21914680302143098,"w":0.7658356428146362},"size":6.010339260101318,"orthographic":false}