{"cameraMode":{"drawMode":0,"name":"Shaded","section":"Shading Mode"},"sceneLighting":false,"audioPlay":false,"sceneViewState":{"showFog":false,"showMaterialUpdate":false,"showSkybox":false,"showFlares":false,"showImageEffects":false,"showParticleSystems":false},"in2DMode":false,"pivot":{"x":-5.590215682983398,"y":2.641089677810669,"z":14.730706214904786},"rotation":{"x":-0.2194146066904068,"y":0.2404230237007141,"z":-0.0558914914727211,"w":-0.9439052939414978},"size":37.10222625732422,"orthographic":true}