{"cameraMode":{"drawMode":0,"name":"Shaded","section":"Shading Mode"},"sceneLighting":false,"audioPlay":false,"sceneViewState":{"showFog":false,"showMaterialUpdate":false,"showSkybox":false,"showFlares":false,"showImageEffects":false,"showParticleSystems":false},"in2DMode":false,"pivot":{"x":-29.281408309936525,"y":-1.3858823776245118,"z":40.16371154785156},"rotation":{"x":-0.43045774102211,"y":-0.006847342010587454,"z":0.0029668775387108328,"w":-0.9028409719467163},"size":15.063572883605957,"orthographic":false}