{"cameraMode":{"drawMode":0,"name":"Shaded","section":"Shading Mode"},"sceneLighting":false,"audioPlay":false,"sceneViewState":{"showFog":true,"showMaterialUpdate":false,"showSkybox":true,"showFlares":true,"showImageEffects":true,"showParticleSystems":true},"in2DMode":false,"pivot":{"x":-15.984270095825196,"y":1.862393856048584,"z":-4.889988422393799},"rotation":{"x":0.21540087461471559,"y":0.7594263553619385,"z":-0.30801647901535036,"w":0.5311203002929688},"size":112.8818588256836,"orthographic":false}