{"cameraMode":{"drawMode":0,"name":"Shaded","section":"Shading Mode"},"sceneLighting":false,"audioPlay":false,"sceneViewState":{"showFog":false,"showMaterialUpdate":false,"showSkybox":false,"showFlares":false,"showImageEffects":false,"showParticleSystems":false},"in2DMode":false,"pivot":{"x":-34.48407745361328,"y":36.36589431762695,"z":38.73394775390625},"rotation":{"x":-0.4134664237499237,"y":-0.580324113368988,"z":0.5523524880409241,"w":-0.4334699809551239},"size":103.19135284423828,"orthographic":false}