{"cameraMode":{"drawMode":0,"name":"Shaded","section":"Shading Mode"},"sceneLighting":false,"audioPlay":false,"sceneViewState":{"showFog":false,"showMaterialUpdate":false,"showSkybox":false,"showFlares":false,"showImageEffects":false,"showParticleSystems":false},"in2DMode":false,"pivot":{"x":341.7774353027344,"y":149.89999389648438,"z":0.0},"rotation":{"x":0.05073578283190727,"y":-0.09721899032592774,"z":0.004962475039064884,"w":0.9939566254615784},"size":422.1267395019531,"orthographic":false}