{"cameraMode":{"drawMode":0,"name":"Shaded","section":"Shading Mode"},"sceneLighting":false,"audioPlay":false,"sceneViewState":{"showFog":false,"showMaterialUpdate":false,"showSkybox":false,"showFlares":false,"showImageEffects":false,"showParticleSystems":false},"in2DMode":false,"pivot":{"x":0.4449203610420227,"y":9.99952220916748,"z":-1.382716178894043},"rotation":{"x":0.4415750205516815,"y":0.02314852923154831,"z":-0.01138281635940075,"w":0.8968902826309204},"size":10.321253776550293,"orthographic":false}