{"cameraMode":{"drawMode":0,"name":"Shaded","section":"Shading Mode"},"sceneLighting":false,"audioPlay":false,"sceneViewState":{"showFog":false,"showMaterialUpdate":false,"showSkybox":false,"showFlares":false,"showImageEffects":false,"showParticleSystems":false},"in2DMode":false,"pivot":{"x":1.012007474899292,"y":-12.758624076843262,"z":6.874924182891846},"rotation":{"x":-0.5503403544425964,"y":-0.014734308235347271,"z":0.006949324626475573,"w":-0.835353672504425},"size":23.82715606689453,"orthographic":false}