{"cameraMode":{"drawMode":0,"name":"Shaded","section":"Shading Mode"},"sceneLighting":false,"audioPlay":false,"sceneViewState":{"showFog":false,"showMaterialUpdate":false,"showSkybox":false,"showFlares":false,"showImageEffects":false,"showParticleSystems":false},"in2DMode":false,"pivot":{"x":-16.500835418701173,"y":1.0677565336227418,"z":20.786333084106447},"rotation":{"x":-0.07997306436300278,"y":-0.7181674838066101,"z":0.08301540464162827,"w":-0.6865370869636536},"size":2.8578836917877199,"orthographic":false}